{"cameraMode":{"drawMode":0,"name":"Shaded","section":"Shading Mode"},"sceneLighting":false,"audioPlay":false,"sceneViewState":{"m_AlwaysRefresh":false,"showFog":true,"showSkybox":false,"showFlares":true,"showImageEffects":true,"showParticleSystems":true,"showVisualEffectGraphs":true,"m_FxEnabled":true},"in2DMode":false,"pivot":{"x":-0.5639528632164002,"y":-0.3280618190765381,"z":0.32727494835853579},"rotation":{"x":-0.05903990566730499,"y":0.8492228984832764,"z":-0.09723365306854248,"w":-0.5156568288803101},"size":0.8660253882408142,"orthographic":false}