{"cameraMode":{"drawMode":0,"name":"Shaded","section":"Shading Mode"},"sceneLighting":true,"audioPlay":false,"sceneViewState":{"m_AlwaysRefresh":false,"showFog":true,"showSkybox":true,"showFlares":true,"showImageEffects":true,"showParticleSystems":true,"showVisualEffectGraphs":true,"m_FxEnabled":true},"in2DMode":false,"pivot":{"x":2.47792387008667,"y":1.2620879411697388,"z":3.3886053562164308},"rotation":{"x":0.12268712371587753,"y":0.007443602196872234,"z":-0.0009199422202073038,"w":0.9924161434173584},"size":11.14255428314209,"orthographic":false}