{"cameraMode":{"drawMode":0,"name":"Shaded","section":"Shading Mode"},"sceneLighting":true,"audioPlay":false,"sceneViewState":{"m_AlwaysRefresh":false,"showFog":true,"showSkybox":true,"showFlares":true,"showImageEffects":true,"showParticleSystems":true,"showVisualEffectGraphs":true,"m_FxEnabled":true},"in2DMode":false,"pivot":{"x":-4.179932117462158,"y":-3.6204192638397219,"z":9.468022346496582},"rotation":{"x":0.30265551805496218,"y":-0.011436369270086289,"z":0.003632125211879611,"w":0.9530239701271057},"size":7.031023025512695,"orthographic":false}