{"cameraMode":{"drawMode":0,"name":"Shaded","section":"Shading Mode"},"sceneLighting":true,"audioPlay":false,"sceneViewState":{"m_AlwaysRefresh":false,"showFog":true,"showSkybox":true,"showFlares":true,"showImageEffects":true,"showParticleSystems":true,"showVisualEffectGraphs":true,"m_FxEnabled":true},"in2DMode":false,"pivot":{"x":46.34648895263672,"y":7.5753021240234379,"z":-26.073776245117189},"rotation":{"x":0.16203948855400086,"y":0.20702408254146577,"z":-0.034791529178619388,"w":0.9641974568367004},"size":11.14255428314209,"orthographic":false}