{"cameraMode":{"drawMode":0,"name":"Shaded","section":"Shading Mode"},"sceneLighting":true,"audioPlay":false,"sceneViewState":{"m_AlwaysRefresh":false,"showFog":true,"showSkybox":true,"showFlares":true,"showImageEffects":true,"showParticleSystems":true,"showVisualEffectGraphs":true,"m_FxEnabled":true},"in2DMode":false,"pivot":{"x":-4.921971797943115,"y":1.5199999809265137,"z":0.09006714820861817},"rotation":{"x":0.30265551805496218,"y":-0.011436369270086289,"z":0.003632125211879611,"w":0.9530239701271057},"size":14.620240211486817,"orthographic":false}