{"cameraMode":{"drawMode":0,"name":"Shaded","section":"Shading Mode"},"sceneLighting":true,"audioPlay":false,"sceneViewState":{"m_AlwaysRefresh":false,"showFog":true,"showSkybox":true,"showFlares":true,"showImageEffects":true,"showParticleSystems":true,"showVisualEffectGraphs":true,"m_FxEnabled":true},"in2DMode":false,"pivot":{"x":17.655887603759767,"y":4.349261283874512,"z":-5.438262462615967},"rotation":{"x":0.17456769943237306,"y":0.019199276342988015,"z":-0.003404405666515231,"w":0.9844534993171692},"size":11.14255428314209,"orthographic":false}