{"cameraMode":{"drawMode":0,"name":"Shaded","section":"Shading Mode"},"sceneLighting":false,"audioPlay":false,"sceneViewState":{"m_AlwaysRefresh":false,"showFog":true,"showSkybox":false,"showFlares":true,"showImageEffects":true,"showParticleSystems":true,"showVisualEffectGraphs":true,"m_FxEnabled":true},"in2DMode":false,"pivot":{"x":-0.8560879230499268,"y":1.0359675884246827,"z":4.179999828338623},"rotation":{"x":0.06445460766553879,"y":0.004490619525313377,"z":-0.00029005808755755424,"w":0.997909426689148},"size":5.673233985900879,"orthographic":false}