{"cameraMode":{"drawMode":0,"name":"Shaded","section":"Shading Mode"},"sceneLighting":true,"audioPlay":false,"sceneViewState":{"m_AlwaysRefresh":false,"showFog":true,"showSkybox":true,"showFlares":true,"showImageEffects":true,"showParticleSystems":true,"showVisualEffectGraphs":true,"m_FxEnabled":true},"in2DMode":false,"pivot":{"x":-1.7924987077713013,"y":2.3179619312286379,"z":2.3198964595794679},"rotation":{"x":0.6964796185493469,"y":-0.038676917552948,"z":0.037646498531103137,"w":0.7155428528785706},"size":3.508575439453125,"orthographic":true}